model,temperature,task,run_ix,generation_time_s,ratio_success,ratio_pep8_violations,ratio_avg_cyclomatic_complexity,ratio_memory_usage_kb,ratio_runtime_time_s,ratio_std_lib_imports,ratio_third_party_imports
qwen2.5:3b,0.3,convolution,1,32.99451971054077,1e-09,2.6666666666666665,1.0,4122.202115158637,1031.2775616083009,1.0,1.0
qwen2.5:3b,0.3,convolution,2,12.672461986541748,1e-09,2.6666666666666665,1.0,4156.390995260664,985.272614622057,1.0,1.0
qwen2.5:3b,0.3,convolution,3,14.31464982032776,1e-09,2.6666666666666665,1.0,4288.501222493887,1068.7029569892472,1.0,1.0
qwen2.5:3b,0.3,convolution,4,11.556131601333618,1e-09,2.6666666666666665,1.0,4363.176616915423,1203.8077214231644,1.0,1000000000.0
qwen2.5:3b,0.3,convolution,5,14.66633653640747,1e-09,2.6666666666666665,1.0,4437.690069576218,938.188790560472,1.0,1000000000.0
qwen2.5:3b,0.3,convolution,6,11.23128056526184,1e-09,2.6666666666666665,1.0,4544.033678756477,1036.655801825293,1.0,1000000000.0
qwen2.5:3b,0.3,convolution,7,13.21543288230896,1e-09,2.0,1.0,4609.716162943495,1009.6698412698412,1.0,1.0
qwen2.5:3b,0.3,convolution,8,13.20110297203064,1e-09,2.6666666666666665,1.0,4776.029952348536,978.603076923077,1.0,1000000000.0
qwen2.5:3b,0.3,convolution,9,24.227415800094604,1e-09,2.0,1.0,4004.5593607305937,902.5141884222476,1.0,1000000000.0
qwen2.5:3b,0.3,convolution,10,11.835676431655884,1e-09,2.6666666666666665,1.0,5011.42,1002.0352867044738,1.0,1000000000.0
qwen2.5:3b,0.3,convolution,avg,15.99150083065033,1e-09,2.5,1.0,4412.016098603949,1010.1187829511528,1.0,2.5
qwen2.5:3b,0.3,fft,1,15.112384557724,1.0,2.0,1.0,4541.22071197411,535.9859525899913,1.0,1.0
qwen2.5:3b,0.3,fft,2,7.240786552429199,1e-09,2.0,1.0,4718.34969737727,662.1344902386118,1.0,1.0
qwen2.5:3b,0.3,fft,3,8.770257472991943,1e-09,2.0,1.0,4708.84966442953,573.2281690140845,1.0,1.0
qwen2.5:3b,0.3,fft,4,7.290990114212036,1e-09,2.0,1.0,4986.62828713575,847.9,1.0,1.0
qwen2.5:3b,0.3,fft,5,8.157294273376465,1.0,2.0,1.0,5007.984296930764,687.099606077659,1.0,1.0
qwen2.5:3b,0.3,fft,6,7.214268684387207,1e-09,2.0,1.0,5224.263588979896,648.7651434643996,1.0,1.0
qwen2.5:3b,0.3,fft,7,6.979283809661865,1e-09,2.0,1.0,5422.091190108192,803.2736842105263,1.0,1.0
qwen2.5:3b,0.3,fft,8,7.53170108795166,1e-09,2.0,1.0,5559.576862123613,731.5614140203714,1.0,1.0
qwen2.5:3b,0.3,fft,9,8.200066804885864,1.0,2.0,1.0,5581.691328560064,656.0859752821063,1.0,1.0
qwen2.5:3b,0.3,fft,10,8.261650323867798,1.0,2.0,1.0,5727.498775510204,724.185053380783,1.0,1.0
qwen2.5:3b,0.3,fft,avg,8.475868368148804,0.4,2.0,1.0,5117.19495295748,675.057223420136,1.0,1.0
qwen2.5:3b,0.3,resampling,1,12.357753276824951,1.0,1.0,1.0,26564.19359430605,10062.977054034049,1.0,2.0
qwen2.5:3b,0.3,resampling,2,5.4597344398498535,1.0,1.0,1.0,27183.31536780772,10555.187888198758,1.0,2.0
qwen2.5:3b,0.3,resampling,3,5.594980478286743,1.0,1.0,1.0,28168.069433962264,10354.21325209444,1.0,2.0
qwen2.5:3b,0.3,resampling,4,5.467662334442139,1.0,1.0,1.0,28865.191028615624,8698.069097888676,1.0,2.0
qwen2.5:3b,0.3,resampling,5,5.425475358963013,1.0,1.0,1.0,29597.69389373513,10003.739514348788,1.0,2.0
qwen2.5:3b,0.3,resampling,6,6.11811113357544,1.0,1.0,1.0,30368.34174125305,9887.332363636364,1.0,2.0
qwen2.5:3b,0.3,resampling,7,5.421419143676758,1.0,1.0,1.0,31602.618120237086,5650.491271820449,1.0,2.0
qwen2.5:3b,0.3,resampling,8,5.698222160339356,1.0,1.0,1.0,32482.760661444736,10160.748878923769,1.0,2.0
qwen2.5:3b,0.3,resampling,9,5.385570049285889,1.0,1.0,1.0,33413.332139659804,6044.945309026234,1.0,2.0
qwen2.5:3b,0.3,resampling,10,5.406875371932983,1.0,1.0,1.0,34398.79447004608,10198.861215303828,1.0,2.0
qwen2.5:3b,0.3,resampling,avg,6.233580374717713,1.0,1.0,1.0,30055.316476083102,8728.78459069021,1.0,2.0
qwen2.5:3b,0.3,signal_generation,1,21.525273084640503,1e-09,3.5,1.0,1111.935826334971,312.0637101811368,1.0,1.0
qwen2.5:3b,0.3,signal_generation,2,11.696409702301024,1.0,7.0,1.0,4507.017983301221,684.4027397260274,1.0,1.0
qwen2.5:3b,0.3,signal_generation,3,12.439870595932009,1.0,7.0,1.0,4650.382372432075,734.0068560235063,1.0,1.0
qwen2.5:3b,0.3,signal_generation,4,12.620964527130129,1.0,7.0,1.0,4751.135409614082,716.4636711281071,1.0,1.0
qwen2.5:3b,0.3,signal_generation,5,12.480937957763672,1.0,7.0,1.0,4856.350865051903,703.3514781792586,1.0,1.0
qwen2.5:3b,0.3,signal_generation,6,11.882989406585692,1.0,7.0,1.0,4966.331917905166,518.809968847352,1.0,1.0
qwen2.5:3b,0.3,signal_generation,7,13.91296124458313,1e-09,3.5,1.0,9967.936079545454,374.42967774169375,1.0,1.0
qwen2.5:3b,0.3,signal_generation,8,13.131593942642212,1.0,7.0,1.0,5264.386346586647,652.8057491289198,1.0,1.0
qwen2.5:3b,0.3,signal_generation,9,12.80993366241455,1.0,7.0,1.0,5393.871637202152,641.3530166880616,1.0,1.0
qwen2.5:3b,0.3,signal_generation,10,12.116477251052856,1.0,7.0,1.0,5529.887312844759,506.53666779317336,1.0,1.0
qwen2.5:3b,0.3,signal_generation,avg,13.461741137504578,0.8,5.833333333333334,1.0,3830.6823516567497,540.2789993511643,1.0,1.0
qwen2.5-coder:3b,0.3,convolution,1,41.773298263549805,1.0,4.0,1.0,3939.750140370578,777.4225913621262,1.0,1.0
qwen2.5-coder:3b,0.3,convolution,2,22.561407804489136,1.0,2.6666666666666665,0.3333333333333333,3442.931795878312,563.3225806451613,1.0,1.0
qwen2.5-coder:3b,0.3,convolution,3,13.446047067642212,1.0,4.0,1.0,4125.041152263375,698.9372759856631,1.0,1.0
qwen2.5-coder:3b,0.3,convolution,4,12.739506006240845,1.0,4.0,1.0,4204.131216297184,726.7211180124224,1.0,1.0
qwen2.5-coder:3b,0.3,convolution,5,12.53104853630066,1.0,4.0,1.0,4286.313378130727,758.2767336357745,1.0,1.0
qwen2.5-coder:3b,0.3,convolution,6,12.976258754730225,1.0,4.0,1.0,4559.2560103963615,718.686117936118,1.0,1.0
qwen2.5-coder:3b,0.3,convolution,7,26.79847717285156,1.0,4.0,1.0,4014.127574370709,457.93385518591,1.0,1.0
qwen2.5-coder:3b,0.3,convolution,8,12.787668228149414,1.0,4.0,1.0,4809.24948594928,549.5636449037106,1.0,1.0
qwen2.5-coder:3b,0.3,convolution,9,35.136698722839355,1.0,4.0,0.3333333333333333,3937.539281705948,331.54463020685745,1.0,1.0
qwen2.5-coder:3b,0.3,convolution,10,15.380568027496338,1.0,4.0,1.0,5022.687902648532,634.1577235772357,1.0,1.0
qwen2.5-coder:3b,0.3,convolution,avg,20.613097858428954,1.0,3.809523809523809,0.7142857142857143,4188.821562891768,582.2448370241353,1.0,1.0
qwen2.5-coder:3b,0.3,fft,1,45.23685169219971,1.0,0.5,1.0,3576.7313965341486,848.2613510520488,1.0,1.0
qwen2.5-coder:3b,0.3,fft,2,31.29508948326111,1.0,0.3333333333333333,0.3333333333333333,3023.5015079707023,531.561415683553,1.0,1.0
qwen2.5-coder:3b,0.3,fft,3,24.244385480880737,1.0,0.4,0.5,3668.346576058547,737.5830524795377,1.0,1.0
qwen2.5-coder:3b,0.3,fft,4,26.756160497665405,1.0,0.6666666666666666,0.3333333333333333,3282.2951356407857,628.6253590480098,1.0,1.0
qwen2.5-coder:3b,0.3,fft,5,21.235836267471317,1.0,0.6666666666666666,1.0,4070.5029002320175,749.4911937377691,1.0,1.0
qwen2.5-coder:3b,0.3,fft,6,27.27558851242065,1.0,0.6666666666666666,0.3333333333333333,3549.593829033889,633.3030177759405,1.0,1.0
qwen2.5-coder:3b,0.3,fft,7,20.01614999771118,1.0,0.5,1.0,4079.969186046512,1312.733504712939,1.0,1.0
qwen2.5-coder:3b,0.3,fft,8,22.086820125579838,1.0,0.5,1.0,4137.704599056604,1141.5499254843517,1.0,1.0
qwen2.5-coder:3b,0.3,fft,9,27.365483045578003,1.0,0.3333333333333333,1.0,3984.978421351505,816.174746936601,1.0,1.0
qwen2.5-coder:3b,0.3,fft,10,23.329379558563232,1e-09,0.5,1.0,4372.303426791277,778.4349593495934,1.0,1.0
qwen2.5-coder:3b,0.3,fft,avg,26.88417446613312,0.9,0.4761904761904761,0.5882352941176471,3729.365467396503,765.2530096408411,1.0,1.0
qwen2.5-coder:3b,0.3,resampling,1,25.214279174804688,1.0,0.25,1.0,18532.521847070508,7097.666861484512,1.0,1.0
qwen2.5-coder:3b,0.3,resampling,2,20.604089498519897,1.0,0.5,1.0,19219.6184346035,6596.473655621945,1.0,1.0
qwen2.5-coder:3b,0.3,resampling,3,19.4425265789032,1.0,0.3333333333333333,1.0,21675.086527293843,6259.849484536083,1.0,1.0
qwen2.5-coder:3b,0.3,resampling,4,19.933673858642575,1.0,0.25,1.0,21904.04870892019,6469.9563132658495,1.0,1.0
qwen2.5-coder:3b,0.3,resampling,5,18.73379135131836,1.0,0.5,1.0,22772.726662599147,6084.22244488978,1.0,1.0
qwen2.5-coder:3b,0.3,resampling,6,17.994998455047607,1.0,0.3333333333333333,1.0,23168.528243327128,7464.110633066994,1.0,1.0
qwen2.5-coder:3b,0.3,resampling,7,19.69484257698059,1.0,0.25,1.0,23548.57981072555,6435.669316375199,1.0,1.0
qwen2.5-coder:3b,0.3,resampling,8,20.1464581489563,1.0,0.3333333333333333,1.0,24331.485658409387,6632.500273074823,1.0,1.0
qwen2.5-coder:3b,0.3,resampling,9,20.016132831573486,1.0,0.25,1.0,24379.16329196604,7003.522491349481,1.0,1.0
qwen2.5-coder:3b,0.3,resampling,10,20.712618350982662,1.0,0.25,1.0,24916.22096128171,6596.473655621945,1.0,1.0
qwen2.5-coder:3b,0.3,resampling,avg,20.249341082572936,1.0,0.303030303030303,1.0,22243.44398092968,6641.568498769483,1.0,1.0
qwen2.5-coder:3b,0.3,signal_generation,1,31.08042001724243,1.0,1.75,1.0,3485.433681073025,609.8354960234408,1.0,1.0
qwen2.5-coder:3b,0.3,signal_generation,2,25.53998351097107,1.0,1.75,1.0,3538.1633888048414,464.86821952776006,1.0,1.0
qwen2.5-coder:3b,0.3,signal_generation,3,23.978832721710205,1.0,2.333333333333333,1.0,3681.10073452256,495.0380564050289,1.0,1.0
qwen2.5-coder:3b,0.3,signal_generation,4,26.16184687614441,1.0,1.75,1.0,3679.170424750918,556.9178134556574,1.0,1.0
qwen2.5-coder:3b,0.3,signal_generation,5,26.06730461120605,1.0,2.333333333333333,1.0,3762.025737265416,568.8781725888325,1.0,1.0
qwen2.5-coder:3b,0.3,signal_generation,6,25.33261752128601,1.0,1.75,1.0,3782.306199460917,578.3632393807067,1.0,1.0
qwen2.5-coder:3b,0.3,signal_generation,7,25.32099676132202,1.0,1.75,1.0,3897.8766666666666,556.9178134556574,1.0,1.0
qwen2.5-coder:3b,0.3,signal_generation,8,22.944735288619995,1.0,2.333333333333333,1.0,3986.4647727272727,529.7807272727273,1.0,1.0
qwen2.5-coder:3b,0.3,signal_generation,9,25.16951322555542,1.0,1.75,1.0,4032.286206896552,576.5322516818362,1.0,1.0
qwen2.5-coder:3b,0.3,signal_generation,10,23.81716227531433,1.0,2.333333333333333,1.0,4168.852049910874,606.2825634623388,1.0,1.0
qwen2.5-coder:3b,0.3,signal_generation,avg,25.5413412809372,1.0,1.9444444444444444,1.0,3790.070224719101,550.6451734825006,1.0,1.0
qwen2.5-coder:7b,0.3,convolution,1,85.81609320640564,1.0,4.0,1.0,3940.1914654688376,741.6268184693232,1.0,1.0
qwen2.5-coder:7b,0.3,convolution,2,27.7524197101593,1.0,4.0,1.0,4026.0935169248414,680.9012775842044,1.0,1.0
qwen2.5-coder:7b,0.3,convolution,3,27.06518268585205,1.0,4.0,1.0,4154.814091178212,697.5086258179655,1.0,1.0
qwen2.5-coder:7b,0.3,convolution,4,28.32128071784973,1.0,4.0,1.0,4204.602156980228,753.0584457289659,1.0,1.0
qwen2.5-coder:7b,0.3,convolution,5,27.87294912338257,1.0,4.0,1.0,4271.138770541692,730.082191780822,1.0,1.0
qwen2.5-coder:7b,0.3,convolution,6,26.514567136764526,1.0,4.0,1.0,4553.8487994808565,733.7371714643305,1.0,1.0
qwen2.5-coder:7b,0.3,convolution,7,26.826645612716675,1.0,4.0,1.0,4738.339635381499,632.7641662169455,1.0,1.0
qwen2.5-coder:7b,0.3,convolution,8,27.63985681533813,1.0,4.0,1.0,4803.203969883642,752.5750962772786,1.0,1.0
qwen2.5-coder:7b,0.3,convolution,9,26.309382915496823,1.0,4.0,1.0,4931.469430780042,248.098180279306,1.0,1.0
qwen2.5-coder:7b,0.3,convolution,10,26.18240714073181,1.0,4.0,1.0,5066.773285198556,795.4626865671642,1.0,1.0
qwen2.5-coder:7b,0.3,convolution,avg,33.03007850646973,1.0,4.0,1.0,4436.950556398584,605.7615209754082,1.0,1.0
qwen2.5-coder:7b,0.3,fft,1,62.74414110183716,1.0,0.5,1.0,3696.6765015806113,679.0707814269535,1.0,1.0
qwen2.5-coder:7b,0.3,fft,2,46.08800911903381,1.0,0.5,1.0,3752.027807486631,600.8211422845692,1.0,1.0
qwen2.5-coder:7b,0.3,fft,3,43.61702036857605,1.0,0.6666666666666666,1.0,3917.527638190955,656.3979200875752,1.0,1.0
qwen2.5-coder:7b,0.3,fft,4,43.84956288337708,1.0,0.6666666666666666,1.0,3986.529545454545,619.7617571059432,1.0,1.0
qwen2.5-coder:7b,0.3,fft,5,45.10040092468262,1.0,0.5,1.0,4000.166476624857,618.4832387828777,1.0,1.0
qwen2.5-coder:7b,0.3,fft,6,44.84582304954529,1.0,0.5,1.0,4079.239534883721,673.3514879281303,1.0,1.0
qwen2.5-coder:7b,0.3,fft,7,44.90411615371704,1.0,0.5,1.0,4196.346889952153,683.7166476624858,1.0,1.0
qwen2.5-coder:7b,0.3,fft,8,44.98750305175781,1.0,0.5,1.0,4278.226829268293,415.1052267220492,1.0,1.0
qwen2.5-coder:7b,0.3,fft,9,44.63865113258362,1.0,0.6666666666666666,1.0,4429.477272727273,616.5753213367609,1.0,1.0
qwen2.5-coder:7b,0.3,fft,10,44.73714518547058,1.0,0.5,1.0,4446.319391634981,657.4775219298245,1.0,1.0
qwen2.5-coder:7b,0.3,fft,avg,46.55123729705811,1.0,0.5405405405405405,1.0,4063.4111310592457,610.1134513634514,1.0,1.0
qwen2.5-coder:7b,0.3,resampling,1,51.072402000427246,1.0,0.5,1.0,19583.70146904512,5873.401590457256,1.0,1.0
qwen2.5-coder:7b,0.3,resampling,2,37.95583534240723,1.0,0.5,1.0,21752.060023310023,6339.744635193133,1.0,1.0
qwen2.5-coder:7b,0.3,resampling,3,34.77176642417908,1.0,0.5,1.0,23227.464219041693,6576.117974401781,1.0,1.0
qwen2.5-coder:7b,0.3,resampling,4,36.69932126998901,1.0,0.5,1.0,23169.792054624457,5899.792311532701,1.0,1.0
qwen2.5-coder:7b,0.3,resampling,5,31.362648010253903,1.0,0.5,1.0,24190.884640311084,7469.8381795195955,1.0,1.0
qwen2.5-coder:7b,0.3,resampling,6,35.254992723464966,1.0,0.5,1.0,24269.528608582576,7299.125386040766,1.0,1.0
qwen2.5-coder:7b,0.3,resampling,7,36.35114502906799,1.0,0.5,1.0,24917.58010680908,6285.789361702127,1.0,1.0
qwen2.5-coder:7b,0.3,resampling,8,34.80086922645569,1.0,0.5,1.0,25867.31462231462,6418.948397609995,1.0,1.0
qwen2.5-coder:7b,0.3,resampling,9,30.82254672050476,1.0,0.5,1.0,26680.86847748392,7376.58177278402,1.0,1.0
qwen2.5-coder:7b,0.3,resampling,10,35.72099828720093,1.0,0.5,1.0,26853.622302158277,6239.326293558606,1.0,1.0
qwen2.5-coder:7b,0.3,resampling,avg,36.48125250339508,1.0,0.5,1.0,23849.297169509937,6531.051177185807,1.0,1.0
qwen2.5-coder:7b,0.3,signal_generation,1,61.408485889434814,1.0,2.333333333333333,1.0,3569.351983723296,389.0586387434555,1.0,1.0
qwen2.5-coder:7b,0.3,signal_generation,2,46.99627661705017,1.0,2.333333333333333,1.0,3632.1666666666665,460.79082265398927,1.0,1.0
qwen2.5-coder:7b,0.3,signal_generation,3,47.14069151878357,1.0,1.75,1.0,3712.8814814814814,515.8042572882924,1.0,1.0
qwen2.5-coder:7b,0.3,signal_generation,4,46.3419771194458,1.0,1.75,1.0,3780.8976293103447,402.4018050541516,1.0,1.0
qwen2.5-coder:7b,0.3,signal_generation,5,43.98765516281128,1.0,2.333333333333333,1.0,3907.208240534521,478.59725203950194,1.0,1.0
qwen2.5-coder:7b,0.3,signal_generation,6,42.59959077835083,1.0,2.333333333333333,1.0,4060.9641203703695,488.6685664182376,1.0,1.0
qwen2.5-coder:7b,0.3,signal_generation,7,46.82886981964111,1.0,2.333333333333333,1.0,4032.957471264368,474.52234993614303,1.0,1.0
qwen2.5-coder:7b,0.3,signal_generation,8,47.45498180389404,1.0,1.75,1.0,4094.134189031505,505.2824116047144,1.0,1.0
qwen2.5-coder:7b,0.3,signal_generation,9,45.95850682258606,1.0,1.75,1.0,4196.977272727273,394.5674336283186,1.0,1.0
qwen2.5-coder:7b,0.3,signal_generation,10,42.336029052734375,1.0,2.333333333333333,1.0,4430.142676767677,450.3648484848485,1.0,1.0
qwen2.5-coder:7b,0.3,signal_generation,avg,47.10530645847321,1.0,2.058823529411765,1.0,3925.12920908379,451.64222042139386,1.0,1.0
qwen2.5:3b,0.3,inverse_fft,1,46.957083225250244,1.0,1.0,1.0,19320.0,14193.342663273961,1.0,2.0
qwen2.5:3b,0.3,inverse_fft,2,4.402806758880615,1.0,1.0,1.0,19757.84702549575,9385.278182837914,1.0,2.0
qwen2.5:3b,0.3,inverse_fft,3,4.7790367603302,1.0,1.0,1.0,20453.137829912022,12331.577745025792,1.0,2.0
qwen2.5:3b,0.3,inverse_fft,4,4.385751724243164,1.0,1.0,1.0,20944.504504504504,10768.308236808236,1.0,2.0
qwen2.5:3b,0.3,inverse_fft,5,4.142931699752808,1.0,1.0,1.0,21460.061538461538,11596.63963963964,1.0,2.0
qwen2.5:3b,0.3,inverse_fft,6,4.07185173034668,1.0,1.0,1.0,22001.640378548895,11743.12350877193,1.0,2.0
qwen2.5:3b,0.3,inverse_fft,7,6.3298726081848145,1.0,1.0,1.0,22867.27868852459,10922.94451697128,1.0,2.0
qwen2.5:3b,0.3,inverse_fft,8,5.65626335144043,1.0,1.0,1.0,23483.23232323232,9644.928530259365,1.0,2.0
qwen2.5:3b,0.3,inverse_fft,9,4.30146050453186,1e-09,1.0,1.0,24217.083333333332,16059.453934740883,1.0,1999999999.9999998
qwen2.5:3b,0.3,inverse_fft,10,4.345721960067749,1.0,1.0,1.0,24820.35587188612,13772.799176954733,1.0,2.0
qwen2.5:3b,0.3,inverse_fft,avg,8.937278032302856,0.9,1.0,1.0,21788.566073102153,11730.77532422012,1.0,2.2222222222222223
qwen2.5-coder:3b,0.3,inverse_fft,1,63.847206830978394,1.0,0.3333333333333333,1.0,15371.23305785124,5186.002067183463,1.0,2.0
qwen2.5-coder:3b,0.3,inverse_fft,2,14.617870807647705,1.0,0.3333333333333333,1.0,15379.706725468577,6148.844362745098,1.0,2.0
qwen2.5-coder:3b,0.3,inverse_fft,3,13.843573093414307,1.0,0.3333333333333333,1.0,16089.26643598616,6567.352094240838,1.0,2.0
qwen2.5-coder:3b,0.3,inverse_fft,4,14.462336301803589,1.0,0.3333333333333333,1.0,16089.26643598616,7340.829553767374,1.0,2.0
qwen2.5-coder:3b,0.3,inverse_fft,5,14.660332918167114,1.0,0.3333333333333333,1.0,16391.76733254994,6978.38247566064,1.0,2.0
qwen2.5-coder:3b,0.3,inverse_fft,6,18.14417600631714,1.0,0.3333333333333333,1.0,17371.59900373599,7833.656518345043,1.0,2.0
qwen2.5-coder:3b,0.3,inverse_fft,7,15.991573572158813,1.0,0.3333333333333333,1.0,18282.29882044561,6186.753390875462,1.0,2.0
qwen2.5-coder:3b,0.3,inverse_fft,8,13.803483963012695,1.0,0.3333333333333333,1.0,18661.396655518394,7602.207575757576,1.0,2.0
qwen2.5-coder:3b,0.3,inverse_fft,9,14.106295347213745,1.0,0.3333333333333333,1.0,19108.75890410959,5803.883169462117,1.0,2.0
qwen2.5-coder:3b,0.3,inverse_fft,10,14.276439666748047,1.0,0.3333333333333333,1.0,19523.294611616515,6416.185421994885,1.0,2.0
qwen2.5-coder:3b,0.3,inverse_fft,avg,19.775328850746156,1.0,0.3333333333333333,1.0,17100.08458473797,6509.414893617021,1.0,2.0
qwen2.5-coder:7b,0.3,inverse_fft,1,89.0911135673523,1.0,0.3333333333333333,1.0,15426.39800995025,9030.413202933985,1.0,2.0
qwen2.5-coder:7b,0.3,inverse_fft,2,29.639557361602783,1.0,0.3333333333333333,1.0,15704.194710185706,7836.150636492221,1.0,2.0
qwen2.5-coder:7b,0.3,inverse_fft,3,28.266533851623535,1.0,0.3333333333333333,1.0,16140.17004048583,4634.176913425345,1.0,2.0
qwen2.5-coder:7b,0.3,inverse_fft,4,28.312357664108276,1.0,0.3333333333333333,1.0,16444.52209781968,7748.473426573427,1.0,2.0
qwen2.5-coder:7b,0.3,inverse_fft,5,27.58287024497986,1.0,0.3333333333333333,1.0,16760.572972972972,9052.546568627451,1.0,2.0
qwen2.5-coder:7b,0.3,inverse_fft,6,28.841734170913696,1.0,0.3333333333333333,1.0,17786.076481835564,7988.692862292718,1.0,2.0
qwen2.5-coder:7b,0.3,inverse_fft,7,27.248119592666626,1.0,0.3333333333333333,1.0,18347.37278106509,6999.56854074542,1.0,2.0
qwen2.5-coder:7b,0.3,inverse_fft,8,36.18040704727173,1.0,0.3333333333333333,1.0,18741.674949630626,7869.543323863636,1.0,2.0
qwen2.5-coder:7b,0.3,inverse_fft,9,28.391414880752563,1.0,0.3333333333333333,1.0,19153.29718599863,7573.695830485304,1.0,2.0
qwen2.5-coder:7b,0.3,inverse_fft,10,29.87486982345581,1.0,0.3333333333333333,1.0,19583.406315789474,8549.627314814816,1.0,2.0
qwen2.5-coder:7b,0.3,inverse_fft,avg,35.342897820472714,1.0,0.3333333333333333,1.0,17292.324947329285,7475.08399109492,1.0,2.0
granite-code:3b,0.3,convolution,1,69.30094337463379,1e-09,4.0,1.0,3384.6623251326578,692.1022304832713,1.0,1.0
granite-code:3b,0.3,convolution,2,28.06829285621643,1.0,4.0,1.0,4132.158421672556,803.6352517985612,1.0,1.0
granite-code:3b,0.3,convolution,3,26.283877849578857,1.0,4.0,1.0,4288.7561124694375,903.0339531123686,1.0,1.0
granite-code:3b,0.3,convolution,4,31.46823024749756,1e-09,4.0,1.0,3788.555615550756,659.806851742469,1.0,1.0
granite-code:3b,0.3,convolution,5,16.1275577545166,1.0,4.0,1.0,4423.962799495586,746.1943887775551,1.0,1.0
granite-code:3b,0.3,convolution,6,28.83348536491394,1.0,4.0,1.0,4582.890267798824,859.9330254041571,1.0,1.0
granite-code:3b,0.3,convolution,7,32.274067878723145,1.0,4.0,1.0,4721.672274562584,603.486223662885,1.0,1.0
granite-code:3b,0.3,convolution,8,18.947734832763672,1.0,4.0,1.0,4805.756849315068,880.9566246056783,1.0,1.0
granite-code:3b,0.3,convolution,9,30.699383974075317,1.0,4.0,1.0,4913.448879551821,659.4173553719008,1.0,1.0
granite-code:3b,0.3,convolution,10,37.89220380783081,1e-09,2.6666666666666665,0.16666666666666666,3030.844492440605,268.5223557692308,1.0,1.0
granite-code:3b,0.3,convolution,avg,31.98957779407501,0.7,3.8095238095238093,0.6666666666666666,4111.576325813067,630.9964412811388,1.0,1.0
granite-code:3b,0.3,fft,1,57.93985342979431,1.0,0.6666666666666666,1.0,3246.026827012026,568.1738683127572,1.0,1.0
granite-code:3b,0.3,fft,2,40.17988324165344,1.0,0.6666666666666666,1.0,3418.368241597662,617.0558659217877,1.0,1.0
granite-code:3b,0.3,fft,3,41.54077768325806,1.0,0.6666666666666666,1.0,3617.479381443299,607.5522552255226,1.0,1.0
granite-code:3b,0.3,fft,4,33.843583822250366,1.0,0.5,0.3333333333333333,3161.2207207207207,428.11240310077517,1.0,1.0
granite-code:3b,0.3,fft,5,35.06329083442688,1.0,0.6666666666666666,0.3333333333333333,3138.6001788908766,324.2894891368174,1.0,1.0
granite-code:3b,0.3,fft,6,60.92240905761719,1.0,0.5,0.25,3075.333041191937,414.61336336336336,1.0,1.0
granite-code:3b,0.3,fft,7,35.36043834686279,1.0,0.6666666666666666,0.25,3311.8971212836245,526.9704198473282,1.0,1.0
granite-code:3b,0.3,fft,8,41.41807794570923,1.0,0.6666666666666666,1.0,3985.184554230551,641.4227642276422,1.0,1.0
granite-code:3b,0.3,fft,9,59.879260540008545,1e-09,0.5,0.25,3121.8460854092527,470.81415174765556,1.0,1.0
granite-code:3b,0.3,fft,10,44.22238206863403,1.0,0.6666666666666666,1.0,4135.480259281084,509.0,1.0,1.0
granite-code:3b,0.3,fft,avg,45.03699569702148,0.9,0.6060606060606061,0.4347826086956522,3387.349164977314,490.11803336883213,1.0,1.0
granite-code:3b,0.3,resampling,1,48.82480049133301,1e-09,1.0,999999999.9999999,59816.469551282054,9613.715294117646,1.0,2.0
granite-code:3b,0.3,resampling,2,38.80534505844116,1.0,0.5,1.0,22404.247899159665,8177.109406270847,1.0,1.0
granite-code:3b,0.3,resampling,3,39.9079270362854,1.0,0.5,1.0,22731.715590742995,5873.25682798275,1.0,1.0
granite-code:3b,0.3,resampling,4,37.140685081481934,1e-09,1.0,999999999.9999999,72901.322265625,8979.843956043956,1.0,2.0
granite-code:3b,0.3,resampling,5,48.28107500076294,1.0,0.5,1.0,22257.29099582588,7913.161394448031,1.0,1.0
granite-code:3b,0.3,resampling,6,31.351783752441406,1.0,0.5,1.0,27792.6113179449,7397.397103198552,1.0,1.0
granite-code:3b,0.3,resampling,7,38.94963335990906,1.0,0.5,1.0,22815.083740831295,7990.539113428944,1.0,1.0
granite-code:3b,0.3,resampling,8,50.74706745147705,1.0,0.5,1.0,22829.037920489296,4390.217406876791,1.0,1.0
granite-code:3b,0.3,resampling,9,37.168171405792236,1.0,0.5,1.0,26471.9695035461,4696.355172413793,1.0,1.0
granite-code:3b,0.3,resampling,10,24.5202956199646,1.0,0.5,1.0,27086.703193033383,7134.742142025611,1.0,1.0
granite-code:3b,0.3,resampling,avg,39.56967842578888,0.8,0.5555555555555556,1.25,27601.476743326188,6777.334402300122,1.0,1.1111111111111112
granite-code:3b,0.3,signal_generation,1,57.696722745895386,1.0,2.3333333333333335,1.0,3426.616511968735,607.8215835140998,1.0,1.0
granite-code:3b,0.3,signal_generation,2,33.49088144302368,1.0,2.3333333333333335,1.0,3472.417821782178,598.0912486659552,1.0,1.0
granite-code:3b,0.3,signal_generation,3,32.83494973182678,1.0,3.5,1.0,3569.6101781170482,448.1499400239904,1.0,1.0
granite-code:3b,0.3,signal_generation,4,46.078065395355225,1.0,2.3333333333333335,1.0,3632.4619368203003,563.2276381909547,1.0,1.0
granite-code:3b,0.3,signal_generation,5,47.065916776657104,1.0,2.3333333333333335,1.0,3691.728421052632,512.0251256281407,1.0,1.0
granite-code:3b,0.3,signal_generation,6,31.596296787261963,1.0,3.5,1.0,3905.503340757238,525.2216494845361,1.0,1.0
granite-code:3b,0.3,signal_generation,7,32.66416954994202,1.0,2.3333333333333335,1.0,3987.654349061967,590.8397469688982,1.0,1.0
granite-code:3b,0.3,signal_generation,8,32.3634729385376,1.0,2.3333333333333335,1.0,4049.8175519630486,256.36390667886553,1.0,1.0
granite-code:3b,0.3,signal_generation,9,28.300904273986816,1.0,2.3333333333333335,1.0,4155.381516587678,367.1218473632493,1.0,1.0
granite-code:3b,0.3,signal_generation,10,50.55675792694092,1.0,3.5,1.0,4222.9283564118,557.0690854870776,1.0,1.0
granite-code:3b,0.3,signal_generation,avg,39.26481375694275,1.0,2.5925925925925926,1.0,3791.7098221525484,469.6316936227269,1.0,1.0
granite-code:3b,0.3,inverse_fft,1,39.096431732177734,1.0,0.3333333333333333,1.0,15389.009928295643,8362.845129059117,1.0,2.0
granite-code:3b,0.3,inverse_fft,2,30.72725486755371,1.0,0.3333333333333333,1.0,15665.51094890511,8286.944719471947,1.0,2.0
granite-code:3b,0.3,inverse_fft,3,20.71025514602661,1.0,0.3333333333333333,1.0,16099.408540103866,6879.299315068493,1.0,2.0
granite-code:3b,0.3,inverse_fft,4,21.08037829399109,1.0,0.3333333333333333,1.0,16344.625073227886,7585.934290030212,1.0,2.0
granite-code:3b,0.3,inverse_fft,5,51.11449313163757,1e-09,0.25,1.0,13458.88808490111,7983.924483306836,1.0,2.0
granite-code:3b,0.3,inverse_fft,6,28.055681467056274,1.0,0.3333333333333333,1.0,17669.585180493985,8927.801777777779,1.0,2.0
granite-code:3b,0.3,inverse_fft,7,20.815385103225708,1.0,0.3333333333333333,1.0,18223.56303069889,7667.0053435114505,1.0,2.0
granite-code:3b,0.3,inverse_fft,8,44.49323344230652,1.0,0.3333333333333333,1.0,15988.696275071634,8041.454763811049,1.0,2.0
granite-code:3b,0.3,inverse_fft,9,21.612218856811523,1.0,0.3333333333333333,1.0,19018.592365371507,8199.00163265306,1.0,2.0
granite-code:3b,0.3,inverse_fft,10,31.4361093044281,1.0,0.3333333333333333,1.0,18612.591727818544,7672.862490450726,1.0,2.0
granite-code:3b,0.3,inverse_fft,avg,30.914144134521486,0.9,0.3225806451612903,1.0,16481.73145085066,7925.334964096899,1.0,2.0
granite-code:8b,0.3,convolution,1,118.83938503265381,1.0,4.0,1.0,3953.03661971831,511.33702677747,1.0,1.0
granite-code:8b,0.3,convolution,2,32.1857635974884,1.0,4.0,1.0,4186.539379474941,416.21796317173994,1.0,1.0
granite-code:8b,0.3,convolution,3,30.66769790649414,1.0,4.0,1.0,4307.3296500920815,849.3527607361963,1.0,1.0
granite-code:8b,0.3,convolution,4,33.715060234069824,1.0,4.0,1.0,4336.6131025957975,829.6299625468165,1.0,1.0
granite-code:8b,0.3,convolution,5,33.02655363082886,1.0,4.0,1.0,4463.511450381679,753.9523485364193,1.0,1.0
granite-code:8b,0.3,convolution,6,33.05764555931091,1.0,4.0,1.0,4559.220272904484,792.2432045779685,1.0,1.0
granite-code:8b,0.3,convolution,7,32.186591148376465,1.0,4.0,1.0,4690.267379679144,465.75105130361646,1.0,1.0
granite-code:8b,0.3,convolution,8,32.984960317611694,1.0,4.0,1.0,4792.786885245901,646.9369158878504,1.0,1.0
granite-code:8b,0.3,convolution,9,40.662322759628296,1.0,4.0,1.0,4948.265162200282,756.0109215017064,1.0,1.0
granite-code:8b,0.3,convolution,10,32.460723876953125,1.0,4.0,1.0,5029.8494623655915,651.1205173427396,1.0,1.0
granite-code:8b,0.3,convolution,avg,41.97867040634155,1.0,4.0,1.0,4503.041971505583,629.6867360281994,1.0,1.0
granite-code:8b,0.3,fft,1,60.515268087387085,1.0,0.6666666666666666,1.0,3756.2799785867237,644.3165887850467,1.0,1.0
granite-code:8b,0.3,fft,2,42.45486378669739,1.0,0.5,1.0,3830.0933406113536,840.7545731707318,1.0,1.0
granite-code:8b,0.3,fft,3,71.39190697669983,1e-09,0.3333333333333333,0.25,2935.870711297071,565.0973360655738,1.0,1.0
granite-code:8b,0.3,fft,4,57.277886152267456,1.0,0.5,1.0,3924.346196868009,443.1779831257533,1.0,1.0
granite-code:8b,0.3,fft,5,41.3110876083374,1.0,0.5,1.0,4062.959467284308,559.0826153066396,1.0,1.0
granite-code:8b,0.3,fft,6,41.54577851295471,1.0,0.4,1.0,4110.562975981254,525.0214183722037,1.0,1.0
granite-code:8b,0.3,fft,7,46.70235276222229,1.0,0.5,1.0,4226.946385542169,664.5,1.0,1.0
granite-code:8b,0.3,fft,8,40.9128520488739,1.0,0.6666666666666666,1.0,4415.815607300189,849.1685912240184,1.0,1.0
granite-code:8b,0.3,fft,9,38.57887125015259,1.0,0.6666666666666666,1.0,4506.570969813744,608.4225041367898,1.0,1.0
granite-code:8b,0.3,fft,10,68.27551198005676,1.0,0.5,1.0,4524.004513217279,824.4170403587444,1.0,1.0
granite-code:8b,0.3,fft,avg,50.89663791656494,0.9,0.5,0.7692307692307692,3971.2100288641122,625.0042495325514,1.0,1.0
granite-code:8b,0.3,resampling,1,70.16629934310913,1.0,0.5,1.0,21713.636416521233,8614.291938997821,1.0,1.0
granite-code:8b,0.3,resampling,2,83.22936916351318,1e-09,0.5,1.0,19082.689672801636,4191.47703180212,1.0,1.0
granite-code:8b,0.3,resampling,3,52.40503764152527,1.0,0.5,1.0,23154.92617866005,8130.143934201508,1.0,1.0
granite-code:8b,0.3,resampling,4,73.2138237953186,1.0,0.5,1.0,23623.88670886076,7642.9639175257735,1.0,1.0
granite-code:8b,0.3,resampling,5,71.61897778511047,1.0,0.5,1.0,24221.76573653472,8063.82053025153,1.0,1.0
granite-code:8b,0.3,resampling,6,74.27915477752686,1.0,0.5,1.0,24735.41484426773,2864.496498430331,1.0,1.0
granite-code:8b,0.3,resampling,7,51.56962609291077,1.0,0.5,1.0,25530.602599179205,8141.30404941661,1.0,1.0
granite-code:8b,0.3,resampling,8,41.55175757408142,1.0,1.0,1.0,25101.372562205783,6948.96309314587,1.0,2.0
granite-code:8b,0.3,resampling,9,41.60062527656555,1.0,1.0,1.0,25992.855849582174,9369.57345971564,1.0,2.0
granite-code:8b,0.3,resampling,10,103.43596577644348,1e-09,0.5,1.0,22390.966406718657,4994.475789473684,1.0,1.0
granite-code:8b,0.3,resampling,avg,66.30706372261048,0.8,0.5555555555555556,1.0,23373.875007827664,6041.191749427044,1.0,1.1111111111111112
granite-code:8b,0.3,signal_generation,1,73.2635886669159,1.0,2.3333333333333335,1.0,3416.529211295034,457.7238742565845,1.0,1.0
granite-code:8b,0.3,signal_generation,2,67.29869365692139,1.0,1.75,1.0,3263.9772093023257,477.8190687361419,1.0,1.0
granite-code:8b,0.3,signal_generation,3,66.94571924209595,1.0,1.75,1.0,3498.280658025922,248.3249596681263,1.0,1.0
granite-code:8b,0.3,signal_generation,4,55.17465901374817,1.0,3.5,1.0,3622.8967475477543,480.8041053101294,1.0,1.0
granite-code:8b,0.3,signal_generation,5,62.8759229183197,1.0,2.3333333333333335,1.0,3674.1104712041883,503.496261682243,1.0,1.0
granite-code:8b,0.3,signal_generation,6,58.823899269104004,1.0,3.5,1.0,3879.2432283029298,547.7793594306049,1.0,1.0
granite-code:8b,0.3,signal_generation,7,53.46586465835571,1.0,3.5,1.0,3984.9806927881887,190.70477876106196,1.0,1.0
granite-code:8b,0.3,signal_generation,8,87.60890316963196,1.0,2.3333333333333335,1.0,4047.0305651672434,517.5225744476465,1.0,1.0
granite-code:8b,0.3,signal_generation,9,54.737727642059326,1.0,2.3333333333333335,1.0,4123.12044653349,527.4018600097895,1.0,1.0
granite-code:8b,0.3,signal_generation,10,55.5226194858551,1.0,3.5,1.0,4214.745345345345,514.8026755852843,1.0,1.0
granite-code:8b,0.3,signal_generation,avg,63.57175977230072,1.0,2.5,1.0,3747.0904527979496,396.65807686644087,1.0,1.0
granite-code:8b,0.3,inverse_fft,1,45.23311972618103,1.0,0.3333333333333333,1.0,15399.208057395144,7787.107769423559,1.0,2.0
granite-code:8b,0.3,inverse_fft,2,28.723840713500977,1.0,0.3333333333333333,1.0,15676.047752808989,7559.74695863747,1.0,2.0
granite-code:8b,0.3,inverse_fft,3,28.609378576278687,1.0,0.3333333333333333,1.0,16185.246519721577,7892.606265876376,1.0,2.0
granite-code:8b,0.3,inverse_fft,4,28.51296329498291,1.0,0.3333333333333333,1.0,16471.880165289258,8014.761822871883,1.0,2.0
granite-code:8b,0.3,inverse_fft,5,28.52961492538452,1.0,0.3333333333333333,1.0,16809.256024096387,5460.555360281195,1.0,2.0
granite-code:8b,0.3,inverse_fft,6,71.85836243629456,1.0,0.3333333333333333,1.0,17750.232188295166,7615.333333333333,1.0,2.0
granite-code:8b,0.3,inverse_fft,7,31.90256690979004,1.0,0.3333333333333333,1.0,18333.354139290408,8119.484320557492,1.0,2.0
granite-code:8b,0.3,inverse_fft,8,33.040623903274536,1.0,0.3333333333333333,1.0,18701.987265415548,6848.764144011756,1.0,2.0
granite-code:8b,0.3,inverse_fft,9,31.4107882976532,1.0,0.3333333333333333,1.0,19138.110425240055,7690.732673267326,1.0,2.0
granite-code:8b,0.3,inverse_fft,10,33.94387745857239,1.0,0.3333333333333333,1.0,19540.17156862745,8176.4631578947365,1.0,2.0
granite-code:8b,0.3,inverse_fft,avg,36.17651362419129,1.0,0.3333333333333333,1.0,17286.188204683433,7417.768581887633,1.0,2.0
