Time,Signal
0.0,0.24835707650561634
0.001,0.17414118625428768
0.002,0.7998678787951885
0.003,1.4497487873849217
0.004,0.7537982702653362
0.005,0.8992712792780818
0.006,1.908415158003084
0.007,1.558246983917462
0.008,0.9472600382756197
0.009000000000000001,1.4133054084263446
0.01,0.8259980351335712
0.011,0.7013989240558489
0.012,0.8997763914617671
0.013000000000000001,-0.3567054064824603
0.014,-0.45502547355268574
0.015,-0.06945367697603874
0.016,-0.4831664460146874
0.017,0.009415869438790497
0.018000000000000002,-0.7458648985310841
0.019,-1.1073140170501012
0.02,0.2635215422673388
0.021,-0.604826913210587
0.022,-0.43317596900922045
0.023,-1.1068605153266848
0.024,-0.5492503386378498
0.025,-0.06386023403914151
0.026000000000000002,-0.5033932859955422
0.027,0.476802450218245
0.028,0.22140338304573703
0.029,0.6142733058561277
0.03,0.6927107941889366
0.031,2.1378304778036887
0.032,1.3981075184476284
0.033,1.0357382271547853
0.034,2.09530032267595
0.035,1.147779758385416
0.036000000000000004,1.8887469580672682
0.037,0.7820256086079317
0.038,1.028552906311833
0.039,1.6791375867608345
0.04,1.8013464677921935
0.041,1.3403586874234181
0.042,0.9997409280611294
0.043000000000000003,0.7003286195621812
0.044,-0.0941094581973031
0.045,0.09091444852911962
0.046,0.0474977973923347
0.047,0.6634833075682257
0.048,0.20131103477482304
0.049,-0.9144463037272498
0.05,0.11309850099255103
0.051000000000000004,-0.20993611312952976
0.052000000000000005,-0.2779064137857247
0.053,0.48731486495941706
0.054,0.8553438950674792
0.055,0.9939368105472398
0.056,0.31838729543169314
0.057,0.8044444786929152
0.058,1.3466243408075151
0.059000000000000004,1.8810540633391333
0.06,1.3462248617980979
0.061,1.6565710539391392
0.062,1.3230602372446651
0.063,1.3621114178404237
0.064,2.4035791122659598
0.065,2.6638350833088205
0.066,1.8899050342412573
0.067,2.322458333740583
0.068,1.8558265441491568
0.069,1.1731674826556766
0.07,1.472002047857842
0.07100000000000001,1.8403947201196924
0.07200000000000001,0.8283854797953933
0.073,1.4089655464949864
0.074,-0.8871775580064927
0.075,0.6549009872962204
0.076,0.1421861445099365
0.077,-0.15605550173054628
0.078,-0.02115710621226846
0.079,-1.0741052492826089
0.08,-0.15606540774789024
0.081,0.21165568290319334
0.082,0.8922696213843
0.083,0.04896526768057208
0.084,0.08515530206238175
0.085,0.4370149386695142
0.08600000000000001,1.3510874775761619
0.08700000000000001,1.2597059115862548
0.088,1.0184405570890696
0.089,1.7042340140169467
0.09,1.6280690118247554
0.091,2.156328501686529
0.092,1.3687738211481861
0.093,1.5559845119547544
0.094,1.4751790543614016
0.095,0.8437961560509972
0.096,1.5845852487423284
0.097,1.3904906513123674
0.098,1.0560273811770053
0.099,0.7087799724035757
0.1,-0.11990011873273299
0.101,0.13880304634753465
0.10200000000000001,-0.05074220309418834
0.10300000000000001,-0.4888710583024909
0.10400000000000001,-0.347532896973034
0.105,-0.2072274216793822
0.106,0.4340896500981223
0.107,-0.47510188729887914
0.108,-0.43913647437402226
0.109,-0.5636039167298637
0.11,-1.4002780493397915
0.111,-0.3299258798737449
0.112,-0.13069495932399383
0.113,1.2496715317804477
0.114,0.11398093359744979
0.115,0.5558980233718918
0.116,0.5750394287814378
0.117,0.17745433955677237
0.11800000000000001,1.4754030936541986
0.11900000000000001,1.3869341324680873
0.12,1.4719057233809802
0.121,0.6412299520569251
0.122,1.768838662310461
0.123,0.2901995557378557
0.124,1.1628865678454894
0.125,1.8023345940915383
0.126,0.015428536970316153
0.127,0.005344737264136867
0.128,0.09983211058019244
0.129,-0.4462078552278288
0.13,-1.2096819434723187
0.131,-0.6249855174681125
0.132,-1.3907220217670158
0.133,-0.7899943394713774
0.134,-1.613759363954534
0.135,-0.4614110252512229
0.136,-1.6626053101137153
0.137,-1.4183660253568158
0.138,-0.7904916811662375
0.139,-1.7101861510219534
0.14,-0.8421798376750848
0.14100000000000001,-0.13495018033076978
0.14200000000000002,-1.405498512859623
0.14300000000000002,-0.3133880783066523
0.14400000000000002,-0.08094857633242072
0.145,0.36314826152648194
0.146,-0.4846745673261128
0.147,-0.395247924127746
0.148,0.6194034885401991
0.149,0.5571401494285835
0.15,0.5374611728804652
0.151,0.5412105689926308
0.152,-0.06287666961392385
0.153,0.25922589938674906
0.154,0.11794835896378236
0.155,-0.5877323152023255
0.156,0.4789271729383874
0.157,-0.45198180535388544
0.158,-1.5205461805452203
0.159,-0.8231224670539645
0.16,-1.8456393301819223
0.161,-1.1428571998958492
0.162,-1.0985758754110377
0.163,-2.1869740955699815
0.164,-1.3469345630019236
0.165,-1.6256258026289043
0.166,-1.3762730620846577
0.167,-0.7488678376171144
0.168,-1.6895323903650752
0.169,-1.77975092208038
0.17,-1.658601261653732
0.171,-1.41725462842215
0.17200000000000001,-0.8382948279772081
0.17300000000000001,-0.42501503480299707
0.17400000000000002,-0.26881834124885945
0.17500000000000002,0.16964188940940794
0.176,-0.10769291757641092
0.177,0.7022661686996091
0.178,-0.1118454482191748
0.179,1.3783784243296964
0.18,0.2816029394489696
0.181,-0.554522695412065
0.182,-0.796939047305793
0.183,-0.19029172504627928
0.184,-0.7397404491214171
0.185,-0.48459201634198873
0.186,-0.8254611798831283
0.187,-1.3153266065714768
0.188,-1.905071577339733
0.189,-2.4180249503071707
0.19,-2.03030119883673
0.191,-1.4856888376654163
0.192,-1.8688516891835953
0.193,-2.612837375418377
0.194,-1.8686786424109094
0.195,-1.6806350850526386
0.196,-2.1897100844445516
0.197,-1.5076762335948863
0.198,-1.362056571175349
0.199,-1.7481501793292287
0.2,-0.7721628361210137
0.201,-0.4444550313122024
0.202,0.03297597069609859
0.203,0.21473087283596715
0.20400000000000001,-0.8335626138236737
0.20500000000000002,-0.4827330482352143
0.20600000000000002,0.33225937058169774
0.20700000000000002,0.37410830938688283
0.20800000000000002,0.36962733921218677
0.209,1.9865937148176924
0.21,0.25013432421951753
0.211,0.3984987862181434
0.212,0.14241530513113448
0.213,-0.19688025317874303
0.214,-0.8811325349274768
0.215,-0.5474630975693823
0.216,-1.5087885406895676
0.217,-1.4180057985803063
0.218,-1.6919594262238657
0.219,-1.5224549271096308
0.22,-0.4782743388870865
0.221,-2.5952064283332055
0.222,-1.2960405676966662
0.223,-2.3749300658397514
0.224,-1.6882241560913394
0.225,-0.7504167349953373
0.226,-1.0709557345580236
0.227,-1.4240046559442183
0.228,-1.008159718155585
0.229,-0.06971601384991305
0.23,-0.5379199955853364
0.231,0.15769084991986826
0.232,0.2702172592296636
0.233,0.08690481947836765
0.234,1.6103748637137125
0.23500000000000001,0.9365232990694652
0.23600000000000002,-0.35918748807504897
0.23700000000000002,0.732577233254448
0.23800000000000002,0.24837186608263617
0.23900000000000002,0.9033758015112457
0.24,-0.0571650040887251
0.241,0.11550890895195422
0.242,0.24016497356155397
0.243,0.22644377903166046
0.244,-0.9990636798134938
0.245,-0.746574351224323
0.246,-0.9752583601803781
0.247,-1.192146434190478
0.248,-0.0723442505052393
0.249,-0.7985560019016075
0.25,-1.6304419771675227
0.251,-0.4918556929680234
0.252,0.20649536422006554
0.253,-0.1985955765721883
0.254,-1.2967472578744832
0.255,-0.5707743026083726
0.256,0.5349912765492131
0.257,-0.21022243291224696
0.258,0.6090010091732458
0.259,1.0087356782988275
0.26,0.3730099036682876
0.261,0.993300327116884
0.262,-0.4472854084136404
0.263,0.7690434748170073
0.264,1.2163855759062083
0.265,0.7319213022973912
0.266,2.137355804691273
0.267,0.5263854662875288
0.268,0.9016406292311309
0.269,1.033991565014903
0.27,1.5114073130097214
0.271,-0.12019956063544113
0.272,0.9814232724744707
0.273,0.21277295699877372
0.274,-0.4593121713762166
0.275,0.1117302082375625
0.276,-0.13686778002067612
0.277,-0.6132978462429222
0.278,-0.3101576972500243
0.279,-0.5222068955997081
0.28,-0.2097507377408388
0.281,0.1729732800554299
0.28200000000000003,0.7843488055391707
0.28300000000000003,-0.4434780099073786
0.28400000000000003,1.4526435153795594
0.28500000000000003,-0.36196512202568887
0.28600000000000003,0.7731864041481415
0.28700000000000003,1.374716694152399
0.28800000000000003,1.4385888586864175
0.289,1.180558004609161
0.29,1.549283794698318
0.291,1.5287808145482138
0.292,1.5577886269261074
0.293,2.306598835311197
0.294,2.0409323282624205
0.295,1.4493787790240655
0.296,2.1355543531133327
0.297,1.6916340209257423
0.298,1.766539293441171
0.299,1.4759481982512228
0.3,0.5365590108341306
0.301,0.4602880275223503
0.302,0.9132491498298365
0.303,0.6639098119784361
0.304,0.19630408381033715
0.305,0.14994441819471171
0.306,0.65693523097345
0.307,-0.30483082908699516
0.308,0.28487275037633697
0.309,-0.02271734275776044
0.31,0.08016913243971352
0.311,0.8873660333105294
0.312,0.9308755445961097
0.313,1.1276847561648966
0.314,1.5892383566884416
0.315,1.1649631142848802
0.316,1.705234647475328
0.317,1.4005613100754046
0.318,1.8815132293622763
0.319,1.7823564440279696
0.32,1.9818417495202005
0.321,2.2704086008897297
0.322,1.5546360926124168
0.323,2.952456045630229
0.324,1.2998410237695404
0.325,1.0510689910878377
0.326,2.057872767621901
0.327,1.668898209683367
0.328,1.3624703489248384
0.329,1.1353056139345445
0.33,0.5896866716676188
0.331,-0.0638271773420172
0.332,0.2356463996031255
0.333,-0.2954776753610921
0.334,0.41531003701427743
0.335,-0.21688910584419113
0.336,-0.5801794276287144
0.337,-0.3046473557862553
0.338,0.13172603196482455
0.339,-0.2456849138958308
0.34,-0.2283822072999055
0.341,0.47894709584728395
0.342,0.6726150883268125
0.343,0.498248196280469
0.34400000000000003,0.7158207041545382
0.34500000000000003,1.2545625743470594
0.34600000000000003,0.5793936864342818
0.34700000000000003,0.733479086756857
0.34800000000000003,1.1732963031305004
0.34900000000000003,1.4771234837774272
0.35000000000000003,1.7432390350914757
0.35100000000000003,2.2808638195402793
0.352,1.8800512108013059
0.353,1.2353603773552755
0.354,1.131539087433112
0.355,0.43447949152236687
0.356,0.6990131797901603
0.357,0.32419720626900794
0.358,0.3883535465766087
0.359,-0.4193896955737329
0.36,0.040012557512799196
0.361,0.36090131004535486
0.362,-0.6097431444650807
0.363,-0.4623962430504349
0.364,-0.38000279705538864
0.365,-0.9396086893732021
0.366,-0.5934594840336664
0.367,-0.6210743933692587
0.368,-0.46068599767900104
0.369,-0.7453207185573554
0.37,-0.17142867368118364
0.371,0.2552525471554258
0.372,0.9262318429897549
0.373,0.8686176514676587
0.374,1.6375481191781045
0.375,0.32343299974252393
0.376,1.255358148419016
0.377,0.98230745364363
0.378,2.01168936239538
0.379,0.4910511070742899
0.38,0.40586236164046235
0.381,0.41082011516117767
0.382,-0.5080022937087634
0.383,0.0994958864973508
0.384,-0.23571253904155418
0.385,-0.017058528886519445
0.386,-0.16486446715805542
0.387,0.362052731991685
0.388,-0.3274853648158917
0.389,-1.2944066163293706
0.39,-1.6263488827338026
0.391,-1.0631687067679285
0.392,-2.056779435232292
0.393,-0.5208929440894874
0.394,-0.8384429613894754
0.395,-1.607348024342437
0.396,-2.130703708956993
0.397,-0.4611454965315731
0.398,-1.0294435609256491
0.399,-0.16650403453656804
0.4,-1.3849990816896598
0.401,-0.6894745677749554
0.402,-0.19929021986653195
0.403,-0.010658611034095603
0.404,-0.12053136039808546
0.405,0.5178843844334261
0.406,-0.26787702336151775
0.40700000000000003,0.20800779296717736
0.40800000000000003,0.3049219492264643
0.40900000000000003,0.4207226619772529
0.41000000000000003,0.3943111906436062
0.41100000000000003,-0.6872976127319061
0.41200000000000003,-1.086870396136975
0.41300000000000003,0.10149026627129965
0.41400000000000003,-0.6016483736767007
0.41500000000000004,-1.3750056588205313
0.41600000000000004,-0.4500752211170741
0.417,-1.3744298153752168
0.418,-1.0216112618244408
0.419,-1.72082421045015
0.42,-0.8255096063201766
0.421,-1.033132716002394
0.422,-2.041673982388474
0.423,-1.389424235933665
0.424,-1.4646304866023083
0.425,-0.9738475187155323
0.426,-1.9768103142864342
0.427,-0.9610938290793589
0.428,-0.5677527230541872
0.429,-1.762529553461242
0.43,-1.2648995126866371
0.431,-1.4972606173375573
0.432,-0.44061773699024187
0.433,0.19224039165253237
0.434,0.6848214027930906
0.435,0.02670900237675225
0.436,0.813045028573329
0.437,-0.7296780876343182
0.438,-0.9753055838375275
0.439,-0.276952252458434
0.44,-0.218208751666136
0.441,-0.6153330925554388
0.442,-1.8399510459542194
0.443,-1.066432204531168
0.444,-1.887610581625141
0.445,-1.1014414760532056
0.446,-1.4313929902684583
0.447,-2.23172663845404
0.448,-2.1271421499676375
0.449,-2.464045311900597
0.45,-1.9823960649317396
0.451,-1.441336137580993
0.452,-2.3320190180904055
0.453,-1.463208961451231
0.454,-1.8177939715558358
0.455,-1.7552539683367376
0.456,-1.1960464912933995
0.457,-1.4313231467227745
0.458,-0.9596270927574007
0.459,-1.0593177118532937
0.46,0.7258198932486524
0.461,-0.06285305357949099
0.462,-0.28989532466961604
0.463,0.2657166561731791
0.464,0.15557427144623828
0.465,0.1066902980527378
0.466,0.4826084551738614
0.467,0.46832131194004434
0.468,-0.30101249276448483
0.46900000000000003,-0.48151767437081855
0.47000000000000003,-0.513055960129561
0.47100000000000003,-1.722864136483524
0.47200000000000003,-1.52998472623303
0.47300000000000003,-0.2829921478137315
0.47400000000000003,-0.3212732359229591
0.47500000000000003,-1.4194100532572078
0.47600000000000003,-1.1233183931008852
0.47700000000000004,-1.3316500384167282
0.47800000000000004,0.02215107295184504
0.47900000000000004,-0.9393977105215523
0.48,-1.4967689861372588
0.481,-1.7980921079256489
0.482,-1.9693075542011382
0.483,-0.8747271409118146
0.484,-1.1376735921640475
0.485,-1.2356858725237512
0.486,-0.6051388457664749
0.487,-0.5827265055751898
0.488,1.0282829100609492
0.489,0.8291798082810488
0.49,0.5563407865517795
0.491,1.4334559341796087
0.492,0.8212614240380882
0.493,0.39384140072632395
0.494,1.5799196106427038
0.495,1.0351283124663964
0.496,0.15152845076135113
0.497,0.4424109090832488
0.498,-0.06227415330707481
0.499,-0.49838671952895897
0.5,0.463088773765828
0.501,0.7616951742818705
0.502,-1.0748187602948611
0.503,-0.25609562977975603
0.504,-0.9954728124854838
0.505,-1.009235982506409
0.506,-1.1145545341273069
0.507,-1.2564788862303642
0.508,-0.7583164562418694
0.509,-1.108958922940122
0.51,-0.4250986943201791
0.511,-0.4134789845309046
0.512,-0.30418611595788636
0.513,-0.4118293272528227
0.514,-0.006533261638971277
0.515,0.9022546306377756
0.516,1.0099568133340706
0.517,0.4876813364461368
0.518,1.2157505467869534
0.519,1.6960154493113218
0.52,0.5981075498361839
0.521,1.7708652624288086
0.522,1.1859774518028512
0.523,1.772574449985077
0.524,1.0299672963575175
0.525,0.3924509831467595
0.526,0.3299858737320216
0.527,0.9904717548666868
0.528,0.902250445994497
0.529,0.1197452415635295
0.53,0.6948263409424278
0.531,-0.6371514770859995
0.532,0.002722019635564475
0.533,-0.695075556797612
0.534,-0.5014431590532284
0.535,-0.1934757621611415
0.536,-0.6419449789336291
0.537,-0.3510044729209808
0.538,0.4431789752805434
0.539,-0.20796110519621963
0.54,0.6743887292421125
0.541,-0.10447466176994058
0.542,0.9477045290414352
0.543,1.6344862958420356
0.544,-0.09329093874752514
0.545,0.9603699244703261
0.546,1.8412012259598738
0.547,1.6137095261886563
0.548,2.0247289316082875
0.549,1.616914704473702
0.55,1.994351410031604
0.551,1.856599933260082
0.552,2.454099722129195
0.553,1.8889971669409695
0.554,1.783493444354485
0.555,1.2303392674070055
0.556,0.9915727193364692
0.557,0.8055930908649649
0.558,1.0034560671234312
0.559,0.38849347809826207
0.56,0.5551289045839973
0.561,1.2868788023328448
0.562,0.559176715875797
0.5630000000000001,-0.12338440755704763
0.5640000000000001,0.6018697052942903
0.5650000000000001,-0.19369929867764057
0.5660000000000001,-0.9527051443340039
0.5670000000000001,-0.33751241921325426
0.5680000000000001,-0.629481640744966
0.5690000000000001,0.30188778643685127
0.5700000000000001,0.6824794459485243
0.5710000000000001,1.7213784663873248
0.5720000000000001,1.260428653361061
0.5730000000000001,1.1945692946741313
0.5740000000000001,1.909051374588125
0.5750000000000001,0.552595642977763
0.5760000000000001,1.905125740449164
0.577,2.260642308354317
0.578,1.1778987852590137
0.579,2.4826801588274647
0.58,2.025131772508388
0.581,1.5469394942048131
0.582,1.9276507869095179
0.583,2.5676135614238573
0.584,1.3165843364075849
0.585,1.1248726836924245
0.586,0.5381249298963907
0.587,0.11242595994557453
0.588,0.7349812190413012
0.589,-0.30306534614144975
0.59,-0.0027206329894469763
0.591,-0.4023319683304242
0.592,-0.005284220497318082
0.593,-0.11236648283434919
0.594,0.25283678079916694
0.595,-0.4614676176870567
0.596,-0.23943884298823132
0.597,-0.4552329499746987
0.598,-0.020234560312445637
0.599,0.5784373028204668
0.6,0.9662795606151231
0.601,0.32432952843448565
0.602,1.4069765983521696
0.603,1.8159006130167434
0.604,1.4808538960233952
0.605,2.3111581045691114
0.606,1.0412684221983295
0.607,0.8142949753609562
0.608,0.5073027072698383
0.609,2.0571504482657854
0.61,1.5043243752366544
0.611,0.9781624530429437
0.612,0.9426815970688416
0.613,0.013288163967085875
0.614,1.5586184448550648
0.615,0.15686601311225346
0.616,-0.0891563944328328
0.617,0.0005099146116404052
0.618,-0.31344095257776206
0.619,-0.5985744257436215
0.62,-1.2209605104535048
0.621,-0.6594660711838654
0.622,0.024224352450972098
0.623,-0.21792642769696968
0.624,-0.02260451673898567
0.625,-0.9627146194021514
0.626,-1.055759300551641
0.627,-0.4518756984749064
0.628,-0.1727975829478873
0.629,0.5408423577027729
0.63,-0.6625485540467686
0.631,1.1235909863599165
0.632,0.43052009766391175
0.633,0.41393005878643835
0.634,0.19945353730878113
0.635,-0.08842988250260442
0.636,1.136660084891905
0.637,0.6999110876941106
0.638,-0.0896173796338734
0.639,-0.24207123957586285
0.64,0.05176834996273477
0.641,0.8402849864422832
0.642,-0.35678994208935166
0.643,-1.2200980022880994
0.644,-0.8311412798292961
0.645,-1.0721059587151043
0.646,-2.489490512855239
0.647,-1.3424770755958937
0.648,-1.5666886643046263
0.649,-1.1950825286587945
0.65,-0.6633072048197999
0.651,-1.0205645448594773
0.652,-1.666962759034141
0.653,-1.9904739283159787
0.654,-0.016755955558004576
0.655,-1.108928388660985
0.656,-0.9443752110072285
0.657,-0.7637823275210364
0.658,-0.4510894223885256
0.659,-0.4292836960632997
0.66,-0.4695589939234426
0.661,-0.3096068331263634
0.662,0.05836306006497932
0.663,-0.1277579506071207
0.664,-0.18899206210612218
0.665,0.19657552893907
0.666,-0.05523877901582849
0.667,0.708893313896381
0.668,-1.5232290247027667
0.669,0.16095341756034454
0.67,0.02723253815775284
0.671,-1.8578279755064648
0.672,-1.221754237438948
0.673,-1.4587872956998065
0.674,-2.1825731782307765
0.675,-2.04707164127714
0.676,-2.3581376372523053
0.677,-1.0301271860756867
0.678,-1.4959072376554208
0.679,-1.337052540674195
0.68,-1.572507735002229
0.681,-2.41195385682042
0.682,-1.981690186257943
0.683,-1.3110074077581748
0.684,-1.9753220662738198
0.685,-0.7979619783823082
0.686,-1.056661652190346
0.687,-0.9083403419393912
0.6880000000000001,-0.1626873860003628
0.6890000000000001,-0.11584595157392627
0.6900000000000001,-0.3694928169628561
0.6910000000000001,0.5012859182229369
0.6920000000000001,-0.5518557235912669
0.6930000000000001,0.31701293814121195
0.6940000000000001,0.2784478459049548
0.6950000000000001,-0.2460539461973153
0.6960000000000001,-0.0436883696713419
0.6970000000000001,-0.9842814674543429
0.6980000000000001,-0.0775888376647405
0.6990000000000001,-0.832829615842342
0.7000000000000001,-1.2124180265546853
0.7010000000000001,-0.6366291643709706
0.7020000000000001,-1.7122800792930695
0.7030000000000001,-2.2422149086692156
0.704,-2.4640690021586416
0.705,-1.4928286009815537
0.706,-2.502639261528036
0.707,-1.0044006958085028
0.708,-2.893435709340079
0.709,-0.9270530977326207
0.71,-1.5478361862756653
0.711,-1.5402643204546769
0.712,-1.5705524682233967
0.713,-0.8809900337340988
0.714,-0.8678963028783878
0.715,-0.062427836727304675
0.716,-0.32901300372041425
0.717,-0.10027885877511543
0.718,-0.17314650357343342
0.719,0.12961924534455038
0.72,0.42041029481248826
0.721,-0.5255340991594878
0.722,-0.3290339713078194
0.723,0.6848214546748916
0.724,0.32183034687138073
0.725,0.02732986071773931
0.726,-0.022225187615056617
0.727,-0.03386557380813007
0.728,-0.6697212365516577
0.729,-0.9868838776554123
0.73,-0.6928480409278021
0.731,-1.457807665179353
0.732,-0.9175364947223659
0.733,-2.092747957386767
0.734,-0.8065723340626303
0.735,-1.119514152073295
0.736,-1.2146547844458517
0.737,-0.7898918035114015
0.738,-0.3406110393896187
0.739,-0.5158779726387348
0.74,-1.7569122551231695
0.741,-1.2612071349520382
0.742,-0.6995005839479751
0.743,-0.13056677479173606
0.744,0.35729380827864976
0.745,-0.03421464040149991
0.746,0.6304456571360018
0.747,0.33713674067108634
0.748,0.5488238327902661
0.749,0.24745611807129464
0.75,0.5383833769445471
0.751,0.32520455457391595
0.752,0.4671347441571239
0.753,1.392302716207545
0.754,0.2630862601839407
0.755,1.8955147657225564
0.756,0.6455744267260722
0.757,0.29885187990085904
0.758,-0.41685022416190204
0.759,0.17727781001909232
0.76,-0.6269142782465078
0.761,-0.41615422679045216
0.762,0.7007771706675696
0.763,-0.6873800257320559
0.764,-0.07874714211091716
0.765,-0.9711520004734051
0.766,-0.5558970642995372
0.767,0.47269532453646673
0.768,-0.5609148681716364
0.769,0.8567627238695806
0.77,0.5266126474545043
0.771,0.12828150037010705
0.772,0.9667117330533535
0.773,1.3714094917929147
0.774,1.4140007252143407
0.775,0.5097796735337802
0.776,1.0886896352841768
0.777,1.4448128124691755
0.778,1.601953948333898
0.779,1.9719098808126707
0.78,1.724454122690469
0.781,0.8957198174477456
0.782,1.6393765778123055
0.783,1.6048893678522267
0.784,1.4022711573863156
0.785,1.46733807059335
0.786,1.1404589898817503
0.787,0.7521659184458628
0.788,0.2995027208861443
0.789,-0.6611964328858342
0.79,0.2501200406933639
0.791,0.04361587409122941
0.792,0.02368592253852636
0.793,-0.7555896218409337
0.794,-0.6152700071815022
0.795,0.5403969549441071
0.796,0.12495035291680487
0.797,0.6529205018677957
0.798,0.5227088389567687
0.799,0.7397253642441911
0.8,1.4201984192831452
0.801,0.9186426663052223
0.802,1.4392213188688265
0.803,1.353401142215117
0.804,1.530533252627831
0.805,1.71870771318274
0.806,2.0663359911533563
0.807,1.7505936752306441
0.808,2.603776624035458
0.809,1.4665845837174039
0.81,1.7136079007225447
0.811,1.4407358088271625
0.812,2.2051636604824107
0.8130000000000001,1.3771895384988224
0.8140000000000001,1.5780022619042122
0.8150000000000001,0.09881207686955018
0.8160000000000001,0.7615341893931226
0.8170000000000001,0.8763433304795974
0.8180000000000001,0.3026347929129549
0.8190000000000001,0.6586841047366037
0.8200000000000001,-0.22741349061664767
0.8210000000000001,0.6863798790579015
0.8220000000000001,1.1289660934098227
0.8230000000000001,-0.15691841034077866
0.8240000000000001,-0.10855739718502214
0.8250000000000001,0.9706419736674587
0.8260000000000001,1.1969498137792234
0.8270000000000001,0.3341610086346835
0.8280000000000001,0.5896505647222183
0.8290000000000001,0.868457181509169
0.8300000000000001,0.5416187913238427
0.8310000000000001,0.9435568666595469
0.8320000000000001,1.064767948987614
0.833,1.3133655463920126
0.834,1.7699606983885043
0.835,1.9491236323654102
0.836,2.6038728740311248
0.837,1.277455916024742
0.838,2.1700348641530383
0.839,1.4294050796543323
0.84,1.3335666402420592
0.841,1.4888090174542028
0.842,0.363533421162771
0.843,0.8801031389018277
0.844,0.5371861867405496
0.845,0.4767822381932427
0.846,0.1731721996394973
0.847,1.0845510191492052
0.848,-0.5960056833009717
0.849,-0.6334849417450458
0.85,-0.7237850109199084
0.851,-0.6863863723921204
0.852,-0.6771262693850184
0.853,0.32952788313936743
0.854,0.5764513358819767
0.855,-0.25760997251259615
0.856,-0.20528781309548738
0.857,0.6414127857659988
0.858,0.32564537343851385
0.859,1.1049874663497254
0.86,1.0573713154027884
0.861,0.336881935306347
0.862,1.9710028905160941
0.863,2.155274103801731
0.864,0.9645843187034049
0.865,1.0425274477920006
0.866,1.296979942200089
0.867,1.19401894978249
0.868,1.1888423012403906
0.869,1.66436927425432
0.87,0.345876614192246
0.871,-0.20467859409947314
0.872,-0.7396660420436096
0.873,-0.6539586220364796
0.874,-0.5272601859725553
0.875,0.19017215057235193
0.876,-1.1282636704634306
0.877,-0.8792311113145411
0.878,-1.0756529548787825
0.879,-0.5017270427302546
0.88,0.18707646307734782
0.881,-1.2764020025848741
0.882,-1.1487114076557972
0.883,-0.23971291983200438
0.884,-0.2514495688209078
0.885,0.518229310662925
0.886,0.08180267667495891
0.887,-0.19769652093134762
0.888,0.45613747964064494
0.889,0.8710207324405745
0.89,0.8511335322889371
0.891,0.7800179744004292
0.892,1.1012490145299805
0.893,1.1470385889376358
0.894,1.2000827960259106
0.895,0.7336077938814788
0.896,0.18333100098161126
0.897,0.16108926690835496
0.898,0.4826394280850006
0.899,-0.7575935432238106
0.9,-0.4034485978560249
0.901,-1.0227429452548291
0.902,-1.0390982413883614
0.903,-0.620737083918765
0.904,-1.3409755762000832
0.905,-1.5523353560389754
0.906,-2.3511612014174363
0.907,-1.3466888022400267
0.908,-1.3970582775163294
0.909,-0.5903786447673527
0.91,-1.7334193546272374
0.911,-1.3380251336283024
0.912,-1.1586288171172194
0.913,-0.3066037168746838
0.914,-0.9410341849186121
0.915,-0.5483826975766288
0.916,-0.18545384865072012
0.917,-0.21479581523923313
0.918,-0.376539406288802
0.919,0.0639455993018341
0.92,0.5830453387590199
0.921,-0.43293685772336876
0.922,0.1335223315534585
0.923,-0.3435085809719694
0.924,0.49886070407157856
0.925,-1.0055431875004819
0.926,-0.7021559176741816
0.927,-0.4380377810557281
0.928,-0.06353648473320328
0.929,-1.104251567423202
0.93,-1.5689040084502333
0.931,-0.5551488252379395
0.932,-2.3990154818334553
0.933,-2.920094863104605
0.934,-1.705902870004752
0.935,-2.2367421811997166
0.936,-2.507932609634217
0.937,-1.6060365062310813
0.9380000000000001,-1.7543273673620794
0.9390000000000001,-2.031439857639414
0.9400000000000001,-2.2259641800561956
0.9410000000000001,-0.9570528356378876
0.9420000000000001,-0.8558920361264127
0.9430000000000001,-1.008638598508228
0.9440000000000001,0.1853224409808314
0.9450000000000001,-1.0633391341522103
0.9460000000000001,-1.1026067192818683
0.9470000000000001,-0.527430755479604
0.9480000000000001,-0.08334759454500287
0.9490000000000001,0.13906469758271683
0.9500000000000001,-0.0716745452233188
0.9510000000000001,0.20895392430303375
0.9520000000000001,-0.6552716020858095
0.9530000000000001,0.5869601075778547
0.9540000000000001,-0.31889277206851996
0.9550000000000001,0.10781136306758576
0.9560000000000001,-0.47378886379756063
0.9570000000000001,-0.6225038577799328
0.9580000000000001,-0.7726814291391457
0.9590000000000001,-1.030820266819771
0.96,-1.1107517978606878
0.961,-0.9161307037600492
0.962,-1.5943853459103068
0.963,-1.4073587917535606
0.964,-1.8291830077085036
0.965,-1.0381429756461962
0.966,-2.0222240176540005
0.967,-0.6641234751773463
0.968,-1.4249351061387916
0.969,-1.9270789366082521
0.97,-0.9295118928482512
0.971,-1.1006460094902208
0.972,-0.10140095351079392
0.973,-0.6152654306966236
0.974,-0.2951952193230197
0.975,-0.8254488365787097
0.976,0.0509058167507031
0.977,-0.817453241094533
0.978,-0.32501134038968205
0.979,0.8721460910394687
0.98,0.8622029215188567
0.981,0.6138909472749461
0.982,-0.19163521079411666
0.983,0.12385211878787139
0.984,-0.025050383697787004
0.985,-0.7908724322406939
0.986,0.34426570817977453
0.987,-0.1612535705586004
0.988,-0.8892773425935754
0.989,-0.9208208813437051
0.99,-0.9535154775660174
0.991,-2.162892820845502
0.992,-1.305585922503393
0.993,-1.5155217433399084
0.994,-1.6196187551968546
0.995,-1.156889904195663
0.996,0.027968305797753112
0.997,-0.36781242854740936
0.998,-0.7616131046362508
0.999,0.04301805383818752
